Word,Score
일상,870.4484476406464
채용,870.4484476406464
만료,1.0
